,City,Country,Lat,Max Temp,Humidity,Cloudiness,Wind Speed
0,Oussouye,SN,12.485,300.2,77,97,3.11
1,Albany,US,42.6001,296.83,78,100,3.58
2,Faanui,PF,-16.4833,300.38,62,2,7.88
3,Jumla,NP,29.2747,285.64,89,71,1.09
4,Along,IN,28.1667,293.99,98,54,0.64
5,Ribeira Grande,PT,38.5167,291.37,94,75,8.75
6,Bluff,NZ,-46.6,279.71,82,96,4.61
7,Bafoussam,CM,5.4737,288.88,94,93,1.01
8,Esperance,AU,-33.8667,285.47,62,1,5.03
9,Hilo,US,19.7297,302.75,72,100,3.6
10,Sao Joao Da Barra,BR,-21.6403,296.2,81,87,5.82
11,Avarua,CK,-21.2078,301.18,74,20,3.09
12,Nurota,UZ,40.5614,287.28,71,9,1.56
13,Ushuaia,AR,-54.8,274.96,87,100,12.35
14,Bengkulu,ID,-3.8004,296.84,91,100,2.09
15,Hermanus,ZA,-34.4187,286.93,85,31,3.62
16,Rikitea,PF,-23.1203,298.13,74,13,5.6
17,Mataura,NZ,-46.1927,279.53,82,96,1.38
18,Asau,RO,46.4333,288.86,82,28,2.36
19,Santiago Del Estero,AR,-27.7951,288.73,67,100,1.82
20,Coihaique,CL,-45.5752,276.49,75,20,0.0
21,Airai,TL,-8.9266,286.18,82,12,1.22
22,Lebu,CL,-37.6167,282.0,72,100,7.73
23,Butaritari,KI,3.0707,300.27,76,60,3.2
24,Klerksdorp,ZA,-26.8521,286.7,38,0,2.56
25,Ellensburg,US,46.9965,292.73,53,40,8.05
26,San Quintin,MX,30.4833,292.51,63,2,7.19
27,Namatanai,PG,-3.6667,299.94,78,100,2.74
28,Manggar,ID,-2.8833,300.59,79,76,3.21
29,Leningradskiy,RU,69.3833,273.44,97,100,1.83
30,Omboue,GA,-1.5746,296.23,90,60,2.53
31,Caibarien,CU,22.5206,298.77,73,98,6.35
32,Longyearbyen,SJ,78.2186,280.06,81,0,1.03
33,Pevek,RU,69.7008,271.94,76,100,4.89
34,Amapa,BR,1.0,295.47,98,93,1.26
35,Adrar,MR,20.5022,302.36,40,89,7.5
36,Praia Da Vitoria,PT,38.7333,291.9,94,75,5.86
37,Kapaa,US,22.0752,299.53,71,75,5.14
38,Hithadhoo,MV,-0.6,301.65,73,22,5.47
39,Moranbah,AU,-22.0016,292.27,55,7,2.07
40,Chuy,UY,-33.6971,287.26,91,100,4.64
41,Tiarei,PF,-17.5333,302.16,65,2,6.54
42,Tasiilaq,GL,65.6145,274.24,63,100,0.81
43,Saint George,US,37.1041,310.72,11,0,6.17
44,Mar Del Plata,AR,-38.0023,284.31,72,75,1.79
45,Busselton,AU,-33.65,285.39,74,57,2.88
46,Castro,BR,-24.7911,287.15,82,86,1.81
47,East London,ZA,-33.0153,289.01,86,2,2.71
48,Geraldton,AU,-28.7667,286.38,88,0,5.14
49,Port Shepstone,ZA,-30.7414,292.55,79,31,4.29
50,Fare,PF,-16.7,300.32,63,2,7.96
51,Puerto Ayora,EC,-0.7393,300.13,85,42,2.24
52,Port Alfred,ZA,-33.5906,289.28,85,16,3.74
53,Bende,NG,5.5572,295.45,95,91,1.47
54,Ostrovnoy,RU,68.0531,280.01,86,100,8.18
55,Port Elizabeth,ZA,-33.918,286.31,98,0,2.06
56,Quang Ngai,VN,15.1167,297.81,85,95,2.27
57,Jamestown,US,42.097,295.38,81,75,1.54
58,Vaini,TO,-21.2,300.24,83,75,3.6
59,Ust-Kuyga,RU,70.0167,272.74,71,90,0.07
60,Punta Arenas,CL,-53.15,278.21,65,20,7.2
61,Chernyshevskiy,RU,63.0128,276.75,53,7,3.08
62,Yuci,CN,37.6803,288.01,55,0,1.0
63,Port Lincoln,AU,-34.7333,287.39,82,65,4.93
64,Bethel,US,41.3712,297.2,75,75,3.6
65,Port Hardy,CA,50.6996,286.25,82,75,3.6
66,Volkach,DE,49.8667,286.97,77,77,3.0
67,Cabo San Lucas,MX,22.8909,307.38,33,0,2.06
68,Mehamn,NO,71.0357,277.12,100,100,5.14
69,Torbay,CA,47.6666,281.08,65,100,4.12
70,Toora-Khem,RU,52.4675,278.91,92,69,1.51
71,Itapirapua,BR,-15.8233,298.65,38,100,1.04
72,Hobart,AU,-42.8794,278.07,87,0,1.54
73,Luderitz,NA,-26.6481,286.02,87,2,2.41
74,Soyo,AO,-6.1349,296.38,85,2,2.46
75,Khatanga,RU,71.9667,273.17,78,99,1.16
76,Tongliao,CN,43.6125,291.43,51,60,6.16
77,Inhambane,MZ,-23.865,294.06,75,14,2.83
78,Atuona,PF,-9.8,298.85,77,35,9.32
79,Qaanaaq,GL,77.484,268.14,88,99,3.82
80,General Roca,AR,-39.0333,279.61,38,100,1.19
81,Pangnirtung,CA,66.1451,270.15,80,100,4.63
82,San Jeronimo,PE,-11.9472,287.44,57,70,1.88
83,Georgetown,MY,5.4112,300.11,93,20,0.51
84,Madingou,CG,-4.1536,295.58,91,64,1.21
85,Marystown,CA,47.1666,279.74,100,100,5.54
86,Saskylakh,RU,71.9167,267.95,93,99,2.54
87,Conde,BR,-7.2597,297.85,94,75,3.09
88,West Bay,KY,19.3667,304.19,73,20,4.12
89,Bredasdorp,ZA,-34.5322,285.99,95,33,1.43
90,Ulladulla,AU,-35.35,286.8,89,100,1.79
91,Teahupoo,PF,-17.8333,299.13,67,4,6.47
92,Broome,US,42.2506,294.74,87,40,5.36
93,Douentza,ML,14.9951,309.3,21,22,2.05
94,Indiana,US,40.0003,293.99,82,75,5.81
95,Laguna,US,38.421,301.66,47,0,7.2
96,Carnarvon,AU,-24.8667,294.59,68,100,3.52
97,Pringsewu,ID,-5.3582,296.3,95,100,0.99
98,Gat,IL,31.61,300.04,100,13,1.87
99,Isiolo,KE,0.3546,293.02,76,95,4.91
100,Lagoa,PT,39.05,289.9,96,100,9.13
101,Campoverde,PE,-8.4753,299.98,61,77,0.43
102,Angoram,PG,-4.0625,297.58,96,75,0.72
103,Fresnillo,MX,23.1667,299.9,11,45,5.85
104,Upernavik,GL,72.7868,270.54,87,100,2.42
105,Sao Filipe,CV,14.8961,295.66,82,16,2.64
106,Kavieng,PG,-2.5744,300.92,64,100,1.53
107,Harihar,IN,14.5167,295.94,87,21,4.41
108,Marsh Harbour,BS,26.5412,299.75,71,99,6.73
109,Fort Payne,US,34.4442,296.82,64,100,3.09
110,Alice Springs,AU,-23.7,283.9,71,95,3.09
111,Price,US,39.5994,303.21,10,0,2.06
112,Talnakh,RU,69.4865,276.6,98,100,1.39
113,Port Moresby,PG,-9.4431,294.83,94,20,1.54
114,Shahrud,IR,36.4182,286.62,43,0,3.76
115,Seybaplaya,MX,19.65,298.85,70,100,6.34
116,Sioux Lookout,CA,50.1001,295.19,37,20,3.09
117,Katyuzhanka,UA,50.806,284.59,91,98,6.47
118,Port Macquarie,AU,-31.4333,285.31,92,40,1.88
119,Aktash,RU,50.3,278.24,84,0,1.71
120,Barrow,US,71.2906,272.16,93,100,7.2
121,Awbari,LY,26.5921,306.05,8,1,4.3
122,Sur,OM,22.5667,303.66,56,0,4.22
123,Kologriv,RU,58.8275,280.32,98,100,0.29
124,Kodiak,US,57.79,287.88,55,0,2.57
125,Madang,PG,-5.2246,298.04,89,97,1.69
126,Pashiya,RU,58.4324,280.32,79,98,1.59
127,Rocha,UY,-34.4833,282.88,88,70,3.15
128,Ust-Nera,RU,64.5667,280.22,73,100,1.11
129,Puchezh,RU,56.9788,282.04,95,100,4.95
130,Colares,PT,38.7992,297.7,49,0,2.24
131,Cape Town,ZA,-33.9258,288.3,92,4,1.54
132,Kevsala,RU,45.7983,286.28,89,18,3.01
133,Ponta Do Sol,PT,32.6667,293.5,71,77,2.57
134,Caravelas,BR,-17.7125,294.84,88,100,2.88
135,Thompson,CA,55.7435,280.24,70,100,1.54
136,Erkner,DE,52.4167,286.08,80,0,6.69
137,Caceres,ES,39.522,295.63,29,4,3.2
138,Fort Nelson,CA,58.8053,291.92,32,75,2.06
139,Amahai,ID,-3.3333,298.43,86,31,1.41
140,Nowy Dwor Gdanski,PL,54.2131,282.71,82,94,6.43
141,Raga,SS,8.4596,297.41,66,29,1.52
142,Husavik,IS,66.0449,276.91,79,36,0.99
143,Pajic Polje,BA,43.9758,289.9,77,30,2.44
144,Marawi,PH,7.9986,293.89,94,99,2.22
145,Olafsvik,IS,64.8945,281.84,70,21,4.46
146,Straumen,NO,63.8709,282.15,90,100,4.38
147,Khandyga,RU,62.6667,283.0,58,91,2.48
148,Isangel,VU,-19.55,298.21,88,100,2.06
149,Verkhoyansk,RU,67.5447,277.95,45,18,1.87
150,Nome,US,64.5011,277.68,87,100,4.12
151,Nizhniy Kuranakh,RU,58.8353,278.66,94,100,3.81
152,Nikolskoye,RU,59.7035,284.09,98,86,1.33
153,Kaitangata,NZ,-46.2817,280.0,75,80,2.22
154,Constitucion,CL,-35.3333,283.87,64,100,4.13
155,Shimoda,JP,34.6667,294.35,62,0,7.6
156,Simpang,ID,-1.2667,296.45,97,98,1.09
157,Milkovo,RU,54.7167,282.95,57,12,2.09
158,Sept-Iles,CA,50.2001,280.44,96,100,6.69
159,Bambous Virieux,MU,-20.3428,294.29,88,20,2.06
160,Lompoc,US,34.6391,297.98,64,0,6.71
161,La Baule-Escoublac,FR,47.2922,288.96,94,0,2.06
162,Guerrero Negro,MX,27.9769,293.74,60,0,8.98
163,Zhigansk,RU,66.7697,274.03,72,28,6.61
164,Beringovskiy,RU,63.05,279.17,75,98,4.35
165,Aklavik,CA,68.2191,277.52,62,97,9.31
166,Cherskiy,RU,68.75,274.75,55,87,6.63
167,Necochea,AR,-38.5473,281.77,69,100,3.72
168,Jieshi,CN,22.8134,298.98,86,99,3.16
169,Plaster Rock,CA,46.9065,290.44,99,100,0.92
170,New Norfolk,AU,-42.7826,277.87,85,97,1.27
171,Tiksi,RU,71.6872,271.96,89,100,2.66
172,Cartagena,CO,10.3997,303.94,66,20,3.6
173,Kahului,US,20.8947,301.4,59,75,6.69
174,Krokeai,GR,36.8833,294.24,33,0,2.01
175,Yulara,AU,-25.2406,286.59,62,75,4.42
176,Sampit,ID,-2.5333,295.91,92,90,0.7
177,Nangong,CN,37.3581,296.37,45,76,5.62
178,Tuktoyaktuk,CA,69.4541,275.15,80,75,8.75
179,Malibu,US,34.005,301.07,76,49,3.13
180,Bilibino,RU,68.0546,276.17,96,100,1.54
181,Naze,JP,28.3667,288.66,65,100,1.25
182,Lebanon,US,36.2081,295.67,71,65,4.41
183,Saint-Philippe,RE,-21.3585,295.92,79,11,3.19
184,Kandrian,PG,-6.2167,299.27,81,67,2.09
185,Provideniya,RU,64.3833,279.19,73,63,3.73
186,Surman,LY,32.7567,295.45,66,0,2.6
187,Severo-Kurilsk,RU,50.6789,279.58,87,96,2.33
188,Vila Velha,BR,-20.3297,293.12,97,75,2.06
189,La Primavera,CO,5.4906,296.1,95,100,2.62
190,Evensk,RU,61.95,276.58,97,100,0.31
191,Atambua,ID,-9.1061,294.06,86,29,2.11
192,Yellowknife,CA,62.456,286.44,54,40,4.63
193,Ponta Delgada,PT,37.7333,293.98,82,20,3.6
194,Port Angeles,US,48.1181,289.62,80,75,4.63
195,Shimanovsk,RU,52.0,286.2,78,98,5.96
196,Chicama,PE,-7.8447,290.45,70,15,3.48
197,San Andres,CO,12.5847,303.16,74,40,3.6
198,Bonthe,SL,7.5264,299.58,81,100,1.95
199,Sakakah,SA,29.9697,301.91,15,0,4.43
200,Victoria,HK,22.2855,301.18,88,97,5.36
201,Tuatapere,NZ,-46.1333,282.46,87,99,2.35
202,Hadishahr,AZ,38.8431,292.42,65,0,2.51
203,Port Blair,IN,11.6667,301.17,83,75,3.6
204,Saurimo,AO,-9.6608,289.12,45,0,2.27
205,Ust-Omchug,RU,61.15,276.31,82,100,1.76
206,Neyshabur,IR,36.2133,288.37,54,2,1.31
207,Morgan City,US,29.6994,304.26,51,40,5.14
208,Norman Wells,CA,65.282,283.17,57,75,11.32
209,Lixourion,GR,38.2019,295.04,49,1,0.74
210,Garowe,SO,8.4054,299.19,66,60,8.75
211,La Ronge,CA,55.1001,289.29,44,75,7.2
212,Grand Gaube,MU,-20.0064,294.37,79,0,3.51
213,Taoudenni,ML,22.6783,310.59,12,70,1.76
214,Manokwari,ID,-0.8667,299.4,73,29,1.45
215,Shenjiamen,CN,29.9576,292.01,94,100,8.31
216,Guatire,VE,10.4762,297.68,75,100,0.11
217,Portobelo,PA,9.55,302.01,79,99,2.71
218,Praya,CV,14.9215,296.45,73,20,5.14
219,Chokurdakh,RU,70.6333,273.22,76,100,4.5
220,Bealanana,MG,-14.55,285.63,90,43,1.18
221,Inyonga,TZ,-6.7167,294.33,52,56,2.92
222,Lorengau,PG,-2.0226,300.31,68,98,1.14
223,San Luis,AR,-33.295,282.43,64,77,2.79
224,Tahta,EG,26.7693,302.18,19,0,5.25
225,Bacolod,PH,10.6667,298.5,82,67,2.83
226,Haines Junction,CA,60.7522,286.12,47,87,3.6
227,Dikson,RU,73.5069,266.23,89,9,1.55
228,Omidiyeh,IR,30.7597,303.94,9,0,4.91
229,Rovaniemi,FI,66.5,278.82,93,75,3.09
230,Cidreira,BR,-30.1811,290.41,93,100,2.62
231,Codrington,AU,-38.2667,281.32,90,96,3.08
232,Okhotsk,RU,59.3833,277.45,83,61,0.93
233,Mersing,MY,2.4312,297.1,94,40,2.57
234,Wentzville,US,38.8114,291.97,79,98,1.34
235,Saldanha,ZA,-33.0117,282.18,86,0,2.13
236,Saint-Augustin,CA,51.226,283.53,39,100,2.01
237,Tumpat,MY,6.1978,298.16,94,20,0.0
238,Aranos,NA,-24.1333,289.53,22,0,5.77
239,Pitimbu,BR,-7.4706,298.48,88,62,6.19
240,Bardiyah,LY,31.7561,296.65,51,0,1.15
241,Souillac,MU,-20.5167,294.36,88,20,2.06
242,Oistins,BB,13.0667,300.2,83,75,5.14
243,Oga,IT,46.4631,287.53,93,31,2.47
244,Phalombe,MW,-15.8064,288.02,95,13,1.98
245,Ixtapa,MX,20.7,301.72,70,0,5.66
246,Bambanglipuro,ID,-7.95,297.32,88,88,2.28
247,Newport,GB,51.5877,286.38,70,25,2.5
248,Ilulissat,GL,69.2167,273.16,86,75,2.57
249,Bud,US,39.447,294.14,79,100,4.44
250,Port Hedland,AU,-20.3167,296.18,60,43,2.57
251,Korla,CN,41.7597,296.25,37,85,5.42
252,Jutai,BR,-5.1833,297.66,94,90,1.06
253,Wenling,CN,28.3669,291.48,96,100,0.25
254,Gravdal,NO,68.1214,280.37,88,96,9.21
255,Xuanwu,CN,32.069,295.12,76,100,1.81
256,Petropavlovsk-Kamchatskiy,RU,53.0452,285.48,44,0,4.0
257,Sucre,BO,-19.0333,288.72,39,0,2.01
258,Lata,PT,40.1629,296.52,40,78,1.62
259,Lavrentiya,RU,65.5833,276.11,92,97,3.14
260,Magistralnyy,RU,56.1725,277.7,71,5,4.39
261,Los Llanos De Aridane,ES,28.6585,291.01,78,20,2.24
262,Mohnesee,DE,51.5,283.12,64,4,3.93
263,Birjand,IR,32.8663,291.41,34,0,7.2
264,Polis,CY,35.0367,296.05,48,0,1.17
265,Nayoro,JP,44.3506,289.74,87,95,0.63
266,Berdigestyakh,RU,62.0989,281.0,72,100,3.96
267,San Patricio,US,28.017,308.75,42,0,5.67
268,Padang,ID,-0.9492,298.04,85,89,0.74
269,Vao,NC,-22.6667,295.39,86,100,9.94
270,Abu Samrah,SY,35.3029,297.54,34,0,1.3
271,Havoysund,NO,70.9963,278.28,91,100,9.88
272,Yueyang,CN,29.3333,292.96,97,100,0.69
273,Eyrarbakki,IS,63.863,285.18,88,75,4.8
274,Sobolevo,RU,54.4299,280.95,96,98,4.24
275,Nizhniy Baskunchak,RU,48.2198,289.34,73,93,4.52
276,Bowen,AU,-20.0167,293.25,76,7,2.6
277,Concepcion,CL,-36.827,282.04,81,100,3.6
278,Burgersdorp,ZA,-30.9977,282.63,48,0,1.96
279,Partizanske,SK,48.6286,287.24,91,91,1.99
280,Winnemucca,US,40.973,297.18,16,0,8.23
281,Dunedin,NZ,-45.8742,281.93,70,74,1.63
282,Micheweni,TZ,-4.9667,299.81,75,8,6.43
283,Worland,US,44.0169,302.41,27,0,5.81
284,Kokoda,PG,-8.8785,298.06,87,100,0.39
285,Smithers,CA,54.7804,282.33,87,100,0.0
286,Takhtamygda,RU,54.1,282.48,96,100,0.95
287,Dondo,MZ,-19.6094,296.88,81,5,1.43
288,Dong Xoai,VN,11.5333,295.4,96,100,1.64
289,Natal,BR,-5.795,298.51,100,75,4.63
290,Faya,SA,18.3851,294.21,52,13,2.24
291,Loyga,RU,61.0784,281.17,99,100,2.24
292,Mehran,IR,33.1222,300.29,11,0,4.3
293,Salalah,OM,17.0151,302.2,79,40,3.09
294,Chulym,RU,55.0997,286.34,60,100,4.05
295,Hare Bay,CA,48.8499,284.79,62,100,4.3
296,Tagusao,PH,9.1924,299.06,86,100,4.51
297,Petlad,IN,22.4667,301.51,65,0,5.86
298,Yar-Sale,RU,66.8333,283.67,50,66,4.7
299,Iranshahr,IR,27.2025,307.34,12,0,2.06
300,Ossora,RU,59.2353,277.64,96,100,2.62
301,Beaverlodge,CA,55.2166,285.79,94,100,3.1
302,Cayenne,GF,4.9333,301.53,1,20,3.6
303,Kattivakkam,IN,13.2167,302.2,75,65,5.95
304,Murgab,TM,37.4966,290.08,59,20,2.06
305,Nuuk,GL,64.1835,273.49,86,75,4.63
306,Mareeba,AU,-17.0,288.95,92,9,0.57
307,Kerema,PG,-7.9631,298.63,83,84,0.79
308,Djambala,CG,-2.5447,293.03,92,72,1.71
309,Ugoofaaru,MV,5.6667,301.04,76,79,6.3
310,Gizo,SB,-8.103,301.22,76,93,3.14
311,Kutum,SD,14.2,297.95,9,2,4.3
312,Jaru,BR,-10.4389,298.33,70,3,1.59
313,Maniitsoq,GL,65.4167,271.14,78,99,2.03
314,La Romana,DO,18.4273,302.35,65,75,5.14
315,Shenkursk,RU,62.1091,279.41,98,28,2.19
316,Hirara,JP,24.8,299.3,100,75,5.14
317,Ancud,CL,-41.8697,279.84,75,47,2.13
318,Trinidad,BO,-14.8333,305.14,55,20,3.09
319,Saint John,CA,45.2727,287.69,97,100,5.14
320,Jaisalmer,IN,26.9147,300.77,69,0,10.84
321,Arraial Do Cabo,BR,-22.9661,296.07,83,0,6.69
322,Isoka,ZM,-10.1606,290.3,71,88,1.4
323,Nicoya,CR,10.1483,301.43,75,78,0.88
324,Hofn,IS,64.2539,281.78,81,55,5.96
325,Kushikino,JP,31.7167,291.85,79,100,0.94
326,Saint-Francois,FR,46.4154,286.84,82,100,2.06
327,Seoul,KR,37.5683,288.91,85,75,3.09
328,Salekhard,RU,66.53,286.85,57,28,4.25
329,Pereyaslovskaya,RU,45.8412,285.59,87,6,3.25
330,Hanzhong,CN,33.0728,288.14,87,100,0.43
331,Hun,LY,29.1268,305.23,9,13,6.83
332,Buchanan,LR,5.8808,299.36,86,80,2.83
333,Binga,ZW,-17.6203,290.71,54,0,1.51
334,Sarangani,PH,5.4033,300.83,77,100,9.73
335,Dauphin,CA,51.1494,292.23,59,0,7.72
336,Westport,US,41.1415,296.78,88,75,6.69
337,Seabra,BR,-12.4186,289.83,80,5,2.23
338,Jieshou,CN,33.2634,295.32,49,100,4.44
339,Hambantota,LK,6.1241,298.34,100,20,3.09
340,Suntar,RU,62.1444,278.58,57,76,3.83
341,Mahebourg,MU,-20.4081,294.31,88,20,2.06
342,Freeport,US,40.6576,296.08,82,100,8.94
343,Muroto,JP,33.2833,294.06,60,92,3.96
344,Progreso,MX,21.2833,305.21,78,100,6.74
345,Palmas,BR,-10.2128,302.08,58,20,2.06
346,Falun,SE,60.6036,282.56,93,100,3.73
347,Santa Isabel Do Rio Negro,BR,-0.4139,297.29,94,96,0.99
348,Egvekinot,RU,66.3167,276.06,72,92,2.21
349,Kalianget,ID,-7.05,299.61,81,100,2.06
350,Marabba,SD,12.35,306.18,9,17,3.31
351,Tignere,CM,7.3667,290.68,97,100,1.3
352,Auki,SB,-8.7676,298.31,87,100,0.57
353,Virginia Beach,US,36.8529,298.18,90,100,4.12
354,Narsaq,GL,60.9167,284.27,50,100,4.05
355,Claresholm,CA,50.0333,293.92,32,97,8.23
356,Katsuura,JP,35.1333,292.16,77,16,3.67
357,Pochutla,MX,15.7432,303.05,65,100,4.84
358,Agnibilekrou,CI,7.1344,295.42,94,95,0.95
359,Madras,IN,13.0878,302.14,75,20,4.63
360,Katobu,ID,-4.9408,295.91,93,89,1.28
361,Mirzapur,IN,25.15,299.13,34,20,2.73
362,Boguchany,RU,58.3814,278.04,69,5,1.43
363,Nemuro,JP,43.3236,283.01,98,100,11.62
364,Half Moon Bay,US,37.4636,298.48,67,100,8.23
365,Ribnica,SI,45.7386,291.09,77,48,1.43
366,Najran,SA,17.4924,299.51,16,1,1.73
367,Sola,VU,-13.8833,297.52,94,100,2.06
368,Hasaki,JP,35.7333,291.37,69,1,0.97
369,Ouadda,CF,8.0777,294.92,84,81,1.57
370,Umm Kaddadah,SD,13.6017,299.76,9,7,4.92
371,Genc,TR,38.7507,289.04,52,0,2.32
372,Nouakchott,MR,18.0858,294.11,80,67,4.12
373,Boditi,ET,6.9667,286.72,91,87,0.89
374,Bahia Blanca,AR,-38.7196,281.09,57,98,0.8
375,Pandan,PH,14.0453,299.63,86,86,2.78
376,Teguldet,RU,57.3064,280.17,79,0,2.25
377,Tajpur,IN,29.1667,302.13,37,0,2.93
378,Tual,ID,-5.6667,301.4,74,43,6.55
379,Chumikan,RU,54.7183,275.37,91,100,8.01
380,Kununurra,AU,-15.7667,287.14,88,86,0.0
381,Harper,LR,4.375,299.25,85,31,3.83
382,Kantunilkin,MX,21.0917,304.94,47,100,2.22
383,Cap Malheureux,MU,-19.9842,293.97,79,0,0.89
384,Curup,ID,-3.4667,292.63,98,100,0.4
385,Nanortalik,GL,60.1432,276.13,86,100,5.15
386,Nizwa,OM,22.9333,303.49,16,0,1.02
387,Chimoio,MZ,-19.1164,289.07,100,75,0.73
388,Varberg,SE,57.1056,284.85,80,83,10.45
389,Twin Falls,US,42.3505,295.34,33,0,4.12
390,Kimovsk,RU,53.9716,282.42,87,97,4.57
391,San Carlos De Bariloche,AR,-41.1456,276.01,60,0,2.06
392,Vardo,NO,70.3705,277.14,100,100,11.32
393,Innisfail,AU,-17.5333,292.45,76,2,1.56
394,Litovko,RU,49.2361,285.39,96,100,3.93
395,Vila Franca Do Campo,PT,37.7167,293.81,87,100,2.42
396,Namibe,AO,-15.1961,291.81,84,14,2.06
397,Nueva Guinea,NI,11.6876,302.01,67,98,3.91
398,Lasa,IT,46.6166,291.64,89,22,2.8
399,Rawson,AR,-43.3002,280.3,55,8,3.62
400,Prince Rupert,CA,54.3161,285.2,87,75,5.14
401,Raudeberg,NO,61.9875,281.52,90,77,7.99
402,Bonfim,BR,3.0833,304.12,79,83,1.92
403,Romny,UA,50.751,286.14,95,100,4.65
404,Nouadhibou,MR,20.931,293.14,88,5,6.69
405,Te Anau,NZ,-45.4167,281.77,88,98,2.16
406,Yershov,RU,51.3513,283.92,84,74,4.84
407,Aykhal,RU,66.0,274.79,67,99,2.07
408,Tezu,IN,27.9167,295.43,95,94,1.02
409,Baoding,CN,38.8511,295.11,20,61,4.1
410,Gasa,PS,31.5,293.64,81,31,2.82
411,Palmer,US,42.1584,298.8,70,100,7.2
412,Rio Claro,BR,-22.4114,291.41,57,99,0.75
413,Umm Lajj,SA,25.0213,301.29,43,0,1.75
414,Urumqi,CN,43.801,295.68,41,0,2.0
415,Hobyo,SO,5.3505,299.15,84,80,11.22
416,Lagunas,PE,-5.2269,300.05,82,78,0.38
417,Bosaso,SO,11.2842,301.84,61,55,1.42
418,College,US,64.8569,293.86,31,40,5.14
419,Eureka,US,40.8021,292.97,80,100,2.68
420,Tafresh,IR,34.692,288.94,19,1,3.2
421,Trincomalee,LK,8.5711,300.1,79,21,9.61
422,Maceio,BR,-9.6658,299.84,69,75,3.09
423,San Francisco,US,37.7749,297.1,74,75,9.77
424,Shache,CN,38.4167,295.77,22,97,2.15
425,Salamanca,ES,40.8333,295.03,60,3,4.48
426,Kruisfontein,ZA,-34.0033,285.6,89,23,1.76
427,Burnie,AU,-41.0667,283.76,77,99,0.56
428,Uige,AO,-7.6087,292.38,87,17,1.04
429,Kurumkan,RU,54.3,279.16,64,17,0.43
430,Kirakira,SB,-10.4544,299.6,83,98,2.17
431,Bara,NG,10.3744,302.77,49,97,4.59
432,Teguise,ES,29.0605,292.27,68,20,5.66
433,Bloomfield,US,40.8068,295.9,88,100,7.72
434,Biltine,TD,14.5333,302.37,7,1,3.43
435,Kirya,TZ,-3.9167,294.52,83,96,3.34
436,Rundu,NA,-17.9333,286.51,38,0,1.8
437,Sangmelima,CM,2.9333,292.67,99,35,1.56
438,Exeter,GB,50.7236,285.36,82,0,4.12
439,Kapit,MY,2.0167,295.1,99,96,0.42
440,Marfino,RU,55.7028,281.29,81,0,2.0
441,Wilmington,US,34.2257,296.45,90,100,4.12
442,Abnub,EG,27.2696,301.27,20,0,5.05
443,Huarmey,PE,-10.0681,292.57,77,9,4.84
444,Neiafu,TO,-18.65,300.53,83,75,3.09
445,La Ciotat,FR,43.1748,302.08,51,11,5.26
446,Alofi,NU,-19.0595,300.09,83,65,3.6
447,Aloleng,PH,16.1307,300.73,77,97,2.97
448,Kongolo,CD,-5.3833,295.62,70,23,1.08
449,Jinchang,CN,38.4953,291.96,32,92,4.21
450,Tocopilla,CL,-22.092,290.91,76,27,2.56
451,Fortuna,US,40.5982,290.89,81,75,4.12
452,Menongue,AO,-14.6585,286.03,53,0,1.89
453,Ventimiglia,IT,43.7935,299.85,52,16,3.22
454,Paamiut,GL,61.994,273.8,86,67,9.64
455,Ketchikan,US,55.3422,286.41,76,100,4.63
456,Wonthaggi,AU,-38.6044,283.05,88,73,3.66
457,Iqaluit,CA,63.7506,270.0,92,100,2.57
458,Puerto Penasco,MX,31.3167,299.77,62,21,2.68
459,Young,UY,-32.6833,285.72,91,100,2.71
460,Nara,JP,34.6851,291.2,65,1,2.53
461,Zhuzhou,CN,27.8333,293.22,96,100,0.9
462,Sitka,US,57.0531,290.09,48,0,2.57
463,Meulaboh,ID,4.1363,297.12,87,90,2.82
464,Akdepe,TM,42.0551,287.2,45,8,3.01
465,Alepe,CI,5.5004,300.08,94,93,1.21
466,Elat,IL,29.5581,303.06,28,20,5.14
467,Kalmunai,LK,7.4167,298.85,84,100,2.98
468,Hidrolandia,BR,-4.4081,297.01,69,32,1.91
469,Kloulklubed,PW,7.0419,301.4,74,100,4.14
470,Vestmannaeyjar,IS,63.4427,282.26,88,93,8.0
471,Clyde River,CA,70.4692,267.28,86,100,8.23
472,Sandnessjoen,NO,66.0217,281.44,93,75,2.57
473,Campos,BR,-21.75,296.18,78,0,3.09
474,Maragogi,BR,-9.0122,297.4,88,67,5.54
475,Abu Kamal,SY,34.4506,301.23,19,0,3.13
476,Tessalit,ML,20.1986,308.19,12,78,2.93
477,Wahiawa,US,21.5028,299.38,47,75,3.6
478,Walvis Bay,NA,-22.9575,285.42,93,7,0.51
479,Pierre,US,44.3683,303.66,35,0,10.8
480,Havre-Saint-Pierre,CA,50.2334,281.35,81,100,5.66
481,Humaita,BR,-7.5061,301.1,59,75,1.7
482,Sambava,MG,-14.2667,294.81,89,30,3.92
483,Finschhafen,PG,-6.6024,300.53,72,67,0.66
484,Shitanjing,CN,39.2342,292.81,17,98,2.9
485,Chama,CH,47.1821,291.25,67,95,1.11
486,North Bend,US,43.4065,291.62,88,40,4.12
487,Maningrida,AU,-12.0667,294.16,88,63,3.75
488,Dingle,PH,10.9995,297.78,90,95,2.47
489,Sorland,NO,67.667,281.07,90,99,12.92
490,Byron Bay,AU,-28.65,289.66,91,23,3.24
491,Udachnyy,RU,66.4167,276.18,64,97,2.37
492,Dhidhdhoo,MV,6.8833,301.09,76,67,6.45
493,Zhigalovo,RU,54.8097,276.51,78,13,1.3
494,Kovdor,RU,67.5662,274.87,98,100,3.37
495,Wanaka,NZ,-44.7,282.42,78,56,2.31
496,Muros,ES,42.7762,293.79,67,73,4.37
497,Hamilton,US,39.1834,292.21,89,100,5.14
498,Ilebo,CD,-4.3167,297.31,76,85,0.71
499,Karratha,AU,-20.7377,298.1,71,92,3.43
500,Mendi,PG,-6.1761,287.59,96,98,0.27
501,Coquimbo,CL,-29.9533,287.0,88,40,4.63
502,Portland,US,45.5234,290.78,66,100,1.54
503,Bongaree,AU,-27.0797,290.4,85,7,3.48
504,Isla Vista,US,34.4133,299.47,69,100,4.12
505,Deputatskiy,RU,69.3,269.21,89,52,0.45
506,Utete,TZ,-7.986,294.38,96,5,1.21
507,Inongo,CD,-1.95,294.19,95,34,1.29
508,Iquitos,PE,-3.7481,300.17,83,75,1.03
509,Hermiston,US,45.8404,292.66,56,20,4.63
510,Healesville,AU,-37.65,283.53,99,51,0.12
511,Mananara,MG,-16.1667,293.7,92,31,2.49
512,Sitangkai,PH,4.6628,301.5,74,100,6.96
513,Berlevag,NO,70.8578,277.15,93,100,10.8
514,Surt,LY,31.2089,297.73,57,55,3.89
515,Carballo,ES,43.213,294.83,88,14,1.82
516,Mogadishu,SO,2.0371,299.44,85,86,6.76
517,Voznesenye,RU,61.0106,280.94,97,100,1.77
518,Benemerito De Las Americas,MX,16.5167,301.36,66,87,1.46
519,Kangaba,ML,11.9333,301.52,48,97,1.85
520,Puerto Colombia,CO,10.9878,304.2,76,91,4.43
521,Carutapera,BR,-1.195,297.31,93,19,2.21
522,San Clemente,US,33.427,300.8,68,30,3.13
523,San Miguel El Alto,MX,21.0167,305.01,9,8,7.1
524,Taupo,NZ,-38.6833,282.44,69,0,0.23
525,Mitsamiouli,KM,-11.3847,298.93,66,39,4.19
526,Manor,IN,19.75,300.72,76,2,4.07
527,Syamzha,RU,60.0158,279.43,90,100,1.42
528,Ruidoso,US,33.3317,304.29,7,0,8.75
529,Ler,SS,8.3018,298.86,63,70,2.46
530,Ippy,CF,6.2679,294.28,94,91,1.14
531,Lastoursville,GA,-0.8143,294.9,98,13,0.89
532,Ixmiquilpan,MX,20.4833,300.17,28,19,9.36
533,Krasnoselkup,RU,65.7,285.25,41,99,2.67
534,Millinocket,US,45.6573,297.21,69,40,2.06
535,Chapais,CA,49.7834,286.03,94,100,1.69
536,Anloga,GH,5.7947,300.4,76,60,3.13
537,Jilemnice,CZ,50.6089,283.09,81,82,3.23
538,Tabory,RU,58.5198,281.6,83,100,5.53
539,Gorontalo,ID,0.5412,296.57,95,100,1.32
540,Lodja,CD,-3.4833,295.74,80,90,0.85
541,Henties Bay,NA,-22.116,286.35,92,20,2.81
542,Tromso,NO,69.6496,280.16,76,20,3.6
543,Abu Dhabi,AE,24.4667,305.16,46,0,3.6
544,San Miguel,SV,13.4833,305.96,66,40,4.12
545,Akonolinga,CM,3.7667,293.02,99,37,1.48
546,Pauini,BR,-7.7136,299.85,75,73,1.06
547,Mbandaka,CD,0.0487,294.54,95,77,1.7
548,Mityana,UG,0.4175,289.62,99,81,0.69
549,Sirjan,IR,29.452,293.85,19,0,1.13
550,Zharkent,KZ,44.1628,294.38,46,62,0.74
551,Sanmenxia,CN,34.7747,292.15,65,100,1.28
552,Araouane,ML,18.9048,307.71,18,63,3.16
553,Puerto Leguizamo,CO,-0.1934,295.83,96,91,0.8
554,Moundou,TD,8.5667,300.19,58,39,3.12
555,Richards Bay,ZA,-28.783,292.72,86,20,4.13
556,Galesong,ID,-5.3166,295.16,81,95,1.51
557,Oktyabrskiy,RU,54.4815,284.03,93,100,6.65
558,Flin Flon,CA,54.7682,286.06,54,20,2.57
559,Mount Gambier,AU,-37.8333,280.37,95,97,2.46
560,Selizharovo,RU,56.8519,277.85,95,10,2.03
561,Saint-Pierre,RE,-21.3393,295.97,78,75,6.69
562,Almaznyy,RU,48.0448,286.63,89,54,4.17
563,Diego De Almagro,CL,-26.3667,291.04,32,4,2.21
564,Kamaishi,JP,39.2667,288.88,75,21,4.3
565,Tautira,PF,-17.7333,299.86,66,3,6.21
566,Taft,IR,31.7471,295.12,25,0,3.09
567,Russell,US,32.3502,301.93,51,40,4.12
568,Matehuala,MX,23.65,304.16,14,78,7.23
569,Saquena,PE,-4.6667,297.98,95,98,0.71
570,Opuwo,NA,-18.0607,290.23,30,0,2.57
571,Chanute,US,37.6792,301.73,41,0,2.06
572,Golfito,CR,8.639,298.18,94,100,0.63
573,Santander,ES,43.4647,289.52,92,20,4.02
574,Gazojak,TM,41.1875,290.37,46,3,2.73
575,Oksfjord,NO,70.2396,279.82,93,82,4.21
576,Verkhnyaya Inta,RU,65.9811,279.39,95,100,2.42
577,Jiazi,CN,22.8779,298.7,87,100,2.8
578,Fernandopolis,BR,-20.2839,294.41,41,100,1.02
579,Flinders,AU,-34.5833,287.18,93,99,1.79
580,Shalinskoye,RU,55.7228,277.2,67,0,1.37
581,Tangshan,CN,39.6333,296.54,26,75,1.56
582,Eyl,SO,7.9803,300.23,68,91,9.56
583,Inta,RU,66.0317,279.65,94,99,2.68
584,Simao,CN,22.7886,290.19,92,96,0.77
585,Orcopampa,PE,-15.2661,283.35,39,50,4.08
586,Ravar,IR,31.2656,296.84,23,0,2.45
587,Mecca,SA,21.4267,303.74,20,1,1.2
588,Terney,RU,45.0503,282.78,97,100,1.64
589,Hualmay,PE,-11.0964,292.2,75,15,5.1
590,Muravlenko,RU,63.7898,285.33,51,0,5.57
591,Nobeoka,JP,32.5833,292.97,60,90,2.25
592,Novo Aripuana,BR,-5.1206,299.28,76,95,0.65
593,Dimitrovgrad,RU,54.2139,282.78,94,88,4.82
594,Bethanien,NA,-26.502,289.27,24,0,2.97
595,Arroio Grande,BR,-32.2375,288.74,94,89,4.28
596,Juiz De Fora,BR,-21.7642,288.72,84,48,0.89
597,At-Bashi,KG,41.1702,286.32,55,97,0.96
598,Guataqui,CO,4.5157,303.77,75,93,1.51
599,Pacific Grove,US,36.6177,293.26,71,75,3.6
600,Ballina,AU,-28.8667,289.7,92,25,3.17
601,Grand-Santi,GF,4.25,297.77,88,69,1.2
602,Samarai,PG,-10.6167,299.64,73,88,5.49
603,Anito,PH,12.4497,298.34,88,76,1.99
604,Tilichiki,RU,60.4667,276.07,98,100,1.32
605,Puerto Escondido,MX,15.85,300.61,69,100,3.09
606,Ekhabi,RU,53.5102,275.38,96,100,6.77
607,Stornoway,GB,58.2093,282.55,88,40,3.6
608,Miandrivazo,MG,-19.5167,293.37,82,2,1.46
609,Penco,CL,-36.7333,281.62,81,100,3.6
610,Cabedelo,BR,-6.9811,298.52,88,88,6.44
611,Anadyr,RU,64.75,278.43,75,99,2.0
612,Calabozo,VE,8.9242,299.79,71,100,1.48
613,Dumas,US,35.8656,307.38,17,0,11.32
614,Bonavista,CA,48.6499,277.7,67,100,5.98
615,Beira,MZ,-19.8436,297.2,73,20,3.6
616,Christchurch,NZ,-43.5333,282.82,93,2,0.51
617,Robertsport,LR,6.7533,300.2,80,97,2.24
618,Nioro,GM,13.35,300.09,72,99,2.49
619,Ust-Ilimsk,RU,58.0006,276.05,65,6,1.57
620,Cabra,ES,37.4725,293.7,37,2,3.2
621,Cooma,AU,-36.2333,277.02,100,100,1.03
622,Sydney,AU,-33.8679,287.81,86,75,4.02
623,Nakambala,ZM,-15.8324,287.51,63,0,2.3
624,Bandarbeyla,SO,9.4942,299.99,79,75,8.0
625,Tyukalinsk,RU,55.8732,280.44,86,2,3.26
626,West Wendover,US,40.7391,301.71,17,0,5.14
627,Nizhniy Odes,RU,63.6445,280.01,81,99,2.66
628,Kabanjahe,ID,3.1001,289.21,97,92,1.7
629,Sunrise Manor,US,36.2111,313.09,6,40,9.77
630,Buraydah,SA,26.326,303.4,14,5,5.46
631,Panguipulli,CL,-39.6333,275.33,97,87,0.73
632,Brae,GB,60.3964,281.46,77,17,7.78
633,Ishigaki,JP,24.3448,300.22,94,75,5.66
634,Huangchuan,CN,32.1272,295.15,52,100,0.97
635,Tateyama,JP,34.9833,293.2,77,75,2.57
636,Clarence Town,AU,-32.5833,287.51,92,71,1.26
637,Bathsheba,BB,13.2167,300.49,83,75,5.14
638,Bintulu,MY,3.1667,297.38,94,40,1.03
639,Chilca,PE,-12.5211,290.75,83,63,3.58
640,Kulevcha,UA,46.0303,290.51,74,1,5.79
641,Tantoyuca,MX,21.35,310.81,30,4,8.09
642,Aswan,EG,24.0934,304.76,11,0,3.09
643,Gladstone,AU,-23.85,289.7,88,0,3.09
644,Loanda,AO,-8.8368,296.15,83,20,3.09
645,Cockburn Town,TC,21.4612,301.13,69,40,6.17
646,Davila,PH,18.4726,299.14,78,84,2.14
647,Zhanaozen,KZ,43.3,288.95,48,0,2.57
648,Belmonte,BR,-15.8631,295.76,83,55,2.33
649,Skowhegan,US,44.7651,299.43,69,100,4.66
650,Salym,RU,60.0625,283.34,92,99,4.0
651,Pasighat,IN,28.0667,295.47,96,62,1.29
652,Viedma,AR,-40.8135,279.37,68,5,2.81
653,Kumluca,TR,36.3703,297.67,57,77,2.13
654,Svetlogorsk,BY,52.6333,281.63,91,68,6.32
655,Pouebo,NC,-20.4,297.77,73,36,2.26
656,Agadir,MA,30.4202,298.4,72,89,0.84
657,Beboto,TD,8.2668,297.93,62,33,2.32
658,Fenoarivo,MG,-18.933,289.19,88,40,2.06
659,Maputo,MZ,-25.9653,291.61,93,20,1.03
660,Niquero,CU,20.0431,301.86,61,99,2.96
661,Bristol,US,41.8334,300.9,81,100,6.69
662,Kiama,AU,-34.6833,286.8,94,100,2.25
663,Vallenar,CL,-28.5708,291.62,45,0,1.6
664,Buribay,RU,51.9617,284.53,80,98,6.49
665,Inuvik,CA,68.3499,278.57,68,75,7.2
666,Sumbawanga,TZ,-7.9667,286.72,78,43,2.35
667,Ginir,ET,7.1333,286.74,90,89,2.05
668,Krasnovishersk,RU,60.4078,280.03,79,43,1.67
669,Salisbury,GB,51.0693,287.31,66,12,2.57
670,Agadez,NE,19.75,305.85,13,4,3.34
671,Tashtagol,RU,52.7657,282.83,60,0,1.89
672,Erdaojiang,CN,41.7764,285.38,86,93,1.54
673,Kawalu,ID,-7.3817,294.59,94,95,1.88
674,Sitio Novo Do Tocantins,BR,-5.5183,304.11,55,20,2.06
675,Champerico,GT,14.3,303.45,87,100,2.75
676,Baruun-Urt,MN,46.6806,281.82,32,92,2.99
677,Usolye,RU,59.4268,281.35,79,100,2.47
678,Vila,PT,42.0304,292.64,57,12,2.52
679,Labytnangi,RU,66.6572,286.53,61,24,4.75
680,Edinburg,GB,55.9521,282.86,73,0,3.6
681,Dargaville,NZ,-35.9333,288.93,68,36,3.69
682,Lujan,AR,-34.5703,285.99,72,24,2.92
683,Batemans Bay,AU,-35.7167,287.65,93,100,1.76
684,Aksu,CN,41.1231,295.76,22,0,2.01
685,Ilhabela,BR,-23.7781,294.3,80,94,2.43
686,Trairi,BR,-3.2778,297.51,85,9,2.85
687,Mbaiki,CF,3.8678,296.2,74,63,1.11
688,Mullovka,RU,54.2,284.05,92,95,5.39
